{"cameraMode":{"drawMode":0,"name":"Shaded","section":"Shading Mode"},"sceneLighting":false,"audioPlay":false,"sceneViewState":{"m_AlwaysRefresh":false,"showFog":true,"showSkybox":false,"showFlares":true,"showImageEffects":true,"showParticleSystems":true,"showVisualEffectGraphs":true,"m_FxEnabled":true},"in2DMode":false,"pivot":{"x":0.12999999523162843,"y":0.25999999046325686,"z":-1.7699999809265137},"rotation":{"x":-0.2058224380016327,"y":0.6545019745826721,"z":-0.19197288155555726,"w":-0.7017184495925903},"size":0.684160053730011,"orthographic":false}